<?xml version="1.0" encoding="UTF-8"?>
<beans xmlns="http://www.springframework.org/schema/beans"
	xmlns:xsi="http://www.w3.org/2001/XMLSchema-instance"
	xmlns:mybatis-spring="http://mybatis.org/schema/mybatis-spring"
	xmlns:aop="http://www.springframework.org/schema/aop"
	xmlns:context="http://www.springframework.org/schema/context"
	xmlns:jdbc="http://www.springframework.org/schema/jdbc"
	xsi:schemaLocation="http://www.springframework.org/schema/jdbc http://www.springframework.org/schema/jdbc/spring-jdbc-4.3.xsd
		http://mybatis.org/schema/mybatis-spring http://mybatis.org/schema/mybatis-spring-1.2.xsd
		http://www.springframework.org/schema/beans https://www.springframework.org/schema/beans/spring-beans.xsd
		http://www.springframework.org/schema/context http://www.springframework.org/schema/context/spring-context-4.3.xsd
		http://www.springframework.org/schema/aop http://www.springframework.org/schema/aop/spring-aop-4.3.xsd">

	<!-- Root Context: defines shared resources visible to all other web components -->
<context:component-scan base-package="com.human.dao"></context:component-scan>
<context:component-scan base-package="com.human.service"></context:component-scan>
<!-- <context:component-scan base-package="com.human.controller"></context:component-scan> -->
<context:component-scan base-package="com.human.utils"></context:component-scan>

<bean class="org.springframework.jdbc.datasource.DriverManagerDataSource" id="dataSource">
  <property value="oracle.jdbc.driver.OracleDriver" name="driverClassName" />
  <property value="jdbc:oracle:thin:@localhost:1521:orcl" name="url" />
  <!-- 오라클 사용자 이름 -->
  <property value="human" name="username" />
  <!-- 오라클 사용자 비밀번호 -->
  <property value="1234" name="password" />
</bean>

<bean class="org.mybatis.spring.SqlSessionFactoryBean" id="SqlSessionFactory">
  <property name="dataSource" ref="dataSource" />
  <property value="classpath:/mybatis-config.xml" name="configLocation" />
  <property value="classpath:/mapper/**/*Mapper.xml" name="mapperLocations" />
</bean>

<bean class="org.mybatis.spring.SqlSessionTemplate" id="sqlSession" destroy-method="clearCache">
	    <constructor-arg name="sqlSessionFactory" ref="SqlSessionFactory" />
</bean>	

<mybatis-spring:scan base-package="com.human.mapper" />
	

</beans>
