<?xml version="1.0" encoding="UTF-8"?>
<!DOCTYPE mapper PUBLIC "-//ibatis.apache.org//DTD Mapper 3.0//EN" "http://ibatis.apache.org/dtd/ibatis-3-mapper.dtd">
<mapper namespace="com.human.mapper.BoardMapper">
	<insert id="create">
		INSERT INTO board(bno, title, content, userId, img, thumbImg)
		VALUES(seq.NEXTVAl, #{title}, #{content}, #{userId}, #{img}, #{thumbImg})
	</insert>

	<select id="read" resultType="com.human.vo.BoardVO">
		SELECT * FROM board WHERE bno=#{bno}
	</select>
	
	<update id="update">
		UPDATE board SET title=#{title}, content=#{content} WHERE bno=#{bno}
	</update>
	
	<delete id="delete">
		DELETE FROM board WHERE bno=#{bno}
	</delete>
	
	<update id="updateViewcnt">
		UPDATE board SET viewcnt = NVL(viewcnt,0) + 1 WHERE bno	= #{bno}
	</update>

	<select id="listSearch" resultType="com.human.vo.BoardVO">
		SELECT * FROM (
			SELECT a.*, rownum rnum
			FROM (
				SELECT * FROM board
				WHERE bno > 0
				<include refid="search"></include>
				ORDER BY regdate DESC) a
			WHERE ((#{page} * #{perPageNum}) + 1 ) > rownum)
		WHERE rnum >= (((#{page}-1) * #{perPageNum}) + 1)
		ORDER BY bno DESC, regdate DESC
	</select>
	
	<select id="listSearchCount" resultType="int">
		SELECT count(bno) FROM board WHERE bno > 0
		<include refid="search"></include>
	</select>
	
	<sql id="search">
		<if test="searchType != null">
			<if test="searchType == 't'.toString()">
				AND title like ('%'|| #{keyword}|| '%')
			</if>
			<if test="searchType == 'c'.toString()">
				AND content like ('%'|| #{keyword}|| '%')
			</if>
			<if test="searchType == 'w'.toString()">
				AND writer like ('%'|| #{keyword}|| '%')
			</if>
			<!-- <if test="searchType == 'tc'.toString()">
				AND (title like ('%'|| #{keyword}|| '%') OR content like ('%'|| #{keyword}|| '%'))
			</if>
			<if test="searchType == 'cw'.toString()">
				AND (content like ('%'|| #{keyword}|| '%') OR writer like ('%'|| #{keyword}|| '%'))
			</if>
			<if test="searchType == 'tcw'.toString()">
				AND (title like ('%'|| #{keyword}|| '%') OR content like ('%'|| #{keyword}|| '%') OR writer like ('%'|| #{keyword}|| '%'))
			</if> -->
		</if>
	</sql>
</mapper>